month,month_label,mean_cpm25_spatial_mean,std_cpm25_spatial_mean,min_cpm25_spatial_mean,max_cpm25_spatial_mean,hourly_cycle_amplitude
APRIL_16,April 2016,22.408765526084633,3.6260405019265156,16.14009666442871,38.166900634765625,4.855088678995767
JULY_16,July 2016,15.356518767360743,3.0290817534027545,10.574355125427246,24.772239685058594,2.569573279350033
OCT_16,October 2016,37.227346883575066,10.381449810586217,14.532587051391602,69.39009857177734,8.581928048082581
DEC_16,December 2016,59.07457293870485,9.32881978122606,36.54135513305664,76.55123901367188,19.772578278408254
