month,month_label,global_p95_threshold,mean_of_mean_map,max_of_mean_map,mean_of_std_map,max_of_std_map,max_hotspot_frequency
APRIL_16,April 2016,57.16409873962397,22.408766452178426,177.35855102539062,12.840946684523662,210.10691833496094,0.9538461538461539
JULY_16,July 2016,42.59300918579101,15.356518401181505,170.34674072265625,9.413135138119696,146.8655548095703,0.9336941813261164
OCT_16,October 2016,109.87728118896483,37.22734608166778,327.26898193359375,23.4084567843666,449.715576171875,0.9012178619756428
DEC_16,December 2016,222.41819458007782,59.074572348017846,466.2131652832031,29.64746000798857,246.22406005859375,0.8565629228687416
