month,month_label,episode_ratio,timesteps_with_any_episode_frac,mean_episode_points_per_timestep,max_episode_points_timestep,mean_episode_frequency_per_grid,max_episode_frequency_per_grid,mean_residual_std,p95_residual_std,episode_pm25_mean,non_episode_pm25_mean,episode_pm25_p95,episode_to_non_episode_mean_ratio,mean_domain_episode_run_hours,max_domain_episode_run_hours
APRIL_16,April 2016,0.020784940865586,1.0,360.8265734265734,1375,0.020784940865586,0.0517482517482517,6.040936993484477,23.69958101676336,61.72154525214409,21.57431009758304,216.04868469238264,2.860881528677885,715.0,715
JULY_16,July 2016,0.0197296134395091,1.0,342.50608930987823,1661,0.0197296134395091,0.0568335588633288,4.557319038322528,14.997944860974094,44.93793894833042,14.761142111891084,153.80260467529294,3.044340241947127,739.0,739
OCT_16,October 2016,0.017038921072816,1.0,295.7956698240866,986,0.017038921072816,0.0527740189445196,9.08116145452944,25.97112512340645,101.14348966485728,36.1194052172528,299.4470443725572,2.800253466425994,739.0,739
DEC_16,December 2016,0.0217345958855845,1.0,377.3125845737483,1432,0.0217345958855845,0.0514208389715832,12.865053989485432,42.10660134685384,107.4343303684572,58.000142461888,351.5285171508789,1.852311491114914,739.0,739
