month,month_label,mean_ks_statistic,median_ks_statistic,mean_wasserstein_distance,mean_abs_log_mean_ratio
OCT_16,October 2016,0.05565625,0.0514375,27.904795766621955,1.3086781654991508
APRIL_16,April 2016,0.0726875,0.0475,50.73408350284458,0.4940305143012178
DEC_16,December 2016,0.0910390625,0.0975,35.31598914114404,1.536223574624521
JULY_16,July 2016,0.136921875,0.11256250000000001,67.74106289308139,0.7209103186243785
